{
  "project_info": {
    "project_number": "299397051411",
    "firebase_url": "https://solodroid-project-aac2b.firebaseio.com",
    "project_id": "solodroid-project-aac2b",
    "storage_bucket": "solodroid-project-aac2b.appspot.com"
  },
  "client": [
    {
      "client_info": {
        "mobilesdk_app_id": "1:299397051411:android:ba408989b104c547",
        "android_client_info": {
          "package_name": "com.app.androidnewsapp"
        }
      },
      "oauth_client": [
        {
          "client_id": "299397051411-4iikf0f6h8b7545m5kgcomf9lpkme1f6.apps.googleusercontent.com",
          "client_type": 3
        }
      ],
      "api_key": [
        {
          "current_key": "AIzaSyBZRevVjnN6SzBrlV1HGWSg0g31wwDEwM"
        }
      ],
      "services": {
        "appinvite_service": {
          "other_platform_oauth_client": [
            {
              "client_id": "299397051411-4iikf0f6h8b7545m5kgcomf9lpkme1f6.apps.googleusercontent.com",
              "client_type": 3
            }
          ]
        }
      }
    }
  ],
  "configuration_version": "1"
}